{
  "agent": "codex",
  "model": "gpt-5.3-codex",
  "reasoning": "medium",
  "timestamp": "2026-02-24T123252",
  "pass_rate": 65.38461538461539,
  "weighted_pass_rate": 60.768999699609495,
  "passed": 17,
  "failed": 9,
  "total": 26,
  "weighted_score": 20.230000000000004,
  "max_possible_score": 33.290000000000006,
  "clean_passes": 17,
  "partial_passes": 0,
  "integrity_violations": 0,
  "by_language": {
    "dart": {
      "passed": 0,
      "failed": 3,
      "total": 3,
      "pass_rate": 0
    },
    "go": {
      "passed": 6,
      "failed": 0,
      "total": 6,
      "pass_rate": 100
    },
    "kotlin": {
      "passed": 1,
      "failed": 2,
      "total": 3,
      "pass_rate": 33.33333333333333
    },
    "rust": {
      "passed": 5,
      "failed": 1,
      "total": 6,
      "pass_rate": 83.33333333333334
    },
    "typescript": {
      "passed": 4,
      "failed": 1,
      "total": 5,
      "pass_rate": 80
    },
    "zig": {
      "passed": 1,
      "failed": 2,
      "total": 3,
      "pass_rate": 33.33333333333333
    }
  },
  "total_duration_seconds": 1472.2132871579997,
  "agent_duration_seconds": 1347.8049469060002,
  "harness_version": "v1.6.1",
  "weight_version": "2.0",
  "tasks_hash": "blake3:168696ded119da3ea973f15bde9c00151c127b3f54168196a84212827fa1b1f0",
  "results_hash": "blake3:c2b97e498c677cc185cff8696c582f39b2af7cfe0996a9662d63ccd21db489b0",
  "legacy": true
}