{
  "agent": "junie",
  "agent_duration_seconds": 1811.2994743960003,
  "by_difficulty": {
    "expert": {
      "agent_duration_seconds": 338.893317779,
      "duration_seconds": 345.017190894,
      "failed": 1,
      "pass_rate": 66.66666666666666,
      "passed": 2,
      "total": 3,
      "validation_duration_seconds": 6.120103534
    },
    "hard": {
      "agent_duration_seconds": 1472.406156617,
      "duration_seconds": 1575.197558476,
      "failed": 7,
      "pass_rate": 69.56521739130434,
      "passed": 16,
      "total": 23,
      "validation_duration_seconds": 102.757931866
    }
  },
  "by_language": {
    "dart": {
      "agent_duration_seconds": 159.541337866,
      "duration_seconds": 209.776555796,
      "failed": 3,
      "pass_rate": 0,
      "passed": 0,
      "total": 3,
      "validation_duration_seconds": 50.231703541
    },
    "go": {
      "agent_duration_seconds": 265.616663179,
      "duration_seconds": 273.633957277,
      "failed": 0,
      "pass_rate": 100,
      "passed": 6,
      "total": 6,
      "validation_duration_seconds": 8.006254665
    },
    "kotlin": {
      "agent_duration_seconds": 437.46165515800004,
      "duration_seconds": 464.31650836000006,
      "failed": 2,
      "pass_rate": 33.33333333333333,
      "passed": 1,
      "total": 3,
      "validation_duration_seconds": 26.851034762
    },
    "rust": {
      "agent_duration_seconds": 348.366191416,
      "duration_seconds": 352.580441072,
      "failed": 1,
      "pass_rate": 83.33333333333334,
      "passed": 5,
      "total": 6,
      "validation_duration_seconds": 4.205772536
    },
    "typescript": {
      "agent_duration_seconds": 224.58357825800002,
      "duration_seconds": 228.857314993,
      "failed": 1,
      "pass_rate": 80,
      "passed": 4,
      "total": 5,
      "validation_duration_seconds": 4.267324873
    },
    "zig": {
      "agent_duration_seconds": 375.730048519,
      "duration_seconds": 391.049971872,
      "failed": 1,
      "pass_rate": 66.66666666666666,
      "passed": 2,
      "total": 3,
      "validation_duration_seconds": 15.315945023000001
    }
  },
  "by_tier": {
    "core": {
      "agent_duration_seconds": 588.700756958,
      "duration_seconds": 600.3938253839999,
      "failed": 2,
      "pass_rate": 83.33333333333334,
      "passed": 10,
      "total": 12,
      "validation_duration_seconds": 11.675235711
    },
    "extended": {
      "agent_duration_seconds": 1222.5987174379998,
      "duration_seconds": 1319.8209239860003,
      "failed": 6,
      "pass_rate": 57.14285714285714,
      "passed": 8,
      "total": 14,
      "validation_duration_seconds": 97.202799689
    }
  },
  "clean_passes": 18,
  "duration_seconds": 1920.21474937,
  "failed": 8,
  "integrity_violations": 0,
  "max_possible_score": 33.29,
  "model": "claude-opus-4-6",
  "parallel": 1,
  "partial_passes": 0,
  "pass_rate": 69.23076923076923,
  "passed": 18,
  "prompt_chars": 31362,
  "results": [
    {
      "agent_duration_seconds": 42.96421049,
      "attempts": 1,
      "difficulty": "hard",
      "duration_seconds": 59.69812343,
      "language": "dart",
      "passed": false,
      "prompt_chars": 1224,
      "status": "fail",
      "task": "dart/future-pool",
      "tier": "extended",
      "validation_duration_seconds": 16.732802163,
      "weight": 1.46,
      "weighted_score": 0
    },
    {
      "agent_duration_seconds": 115.475848352,
      "attempts": 1,
      "difficulty": "hard",
      "duration_seconds": 132.142398961,
      "language": "dart",
      "passed": false,
      "prompt_chars": 1216,
      "status": "fail",
      "task": "dart/isolate-pool",
      "tier": "extended",
      "validation_duration_seconds": 16.665287983,
      "weight": 1.5,
      "weighted_score": 0
    },
    {
      "agent_duration_seconds": 1.101279024,
      "attempts": 1,
      "difficulty": "hard",
      "duration_seconds": 17.936033405,
      "language": "dart",
      "passed": false,
      "prompt_chars": 1237,
      "status": "fail",
      "task": "dart/reactive-cache",
      "tier": "extended",
      "validation_duration_seconds": 16.833613395,
      "weight": 1.5,
      "weighted_score": 0
    },
    {
      "agent_duration_seconds": 48.843722725,
      "attempts": 1,
      "difficulty": "hard",
      "duration_seconds": 49.242972324,
      "language": "go",
      "passed": true,
      "prompt_chars": 1193,
      "status": "pass",
      "task": "go/bank-account",
      "tier": "core",
      "validation_duration_seconds": 0.397316715,
      "weight": 1.04,
      "weighted_score": 1.04
    },
    {
      "agent_duration_seconds": 38.774866649,
      "attempts": 1,
      "difficulty": "hard",
      "duration_seconds": 40.406509301,
      "language": "go",
      "passed": true,
      "prompt_chars": 1219,
      "status": "pass",
      "task": "go/dining-philosophers",
      "tier": "core",
      "validation_duration_seconds": 1.62988437,
      "weight": 1.04,
      "weighted_score": 1.04
    },
    {
      "agent_duration_seconds": 39.658303205,
      "attempts": 1,
      "difficulty": "hard",
      "duration_seconds": 41.370623215,
      "language": "go",
      "passed": true,
      "prompt_chars": 1222,
      "status": "pass",
      "task": "go/errgroup-limit",
      "tier": "core",
      "validation_duration_seconds": 1.71036858,
      "weight": 1.1400000000000001,
      "weighted_score": 1.1400000000000001
    },
    {
      "agent_duration_seconds": 31.368429679,
      "attempts": 1,
      "difficulty": "hard",
      "duration_seconds": 32.801935407,
      "language": "go",
      "passed": true,
      "prompt_chars": 1217,
      "status": "pass",
      "task": "go/parallel-letter-frequency",
      "tier": "core",
      "validation_duration_seconds": 1.43189627,
      "weight": 1.04,
      "weighted_score": 1.04
    },
    {
      "agent_duration_seconds": 56.728253035,
      "attempts": 1,
      "difficulty": "hard",
      "duration_seconds": 58.140585081,
      "language": "go",
      "passed": true,
      "prompt_chars": 1189,
      "status": "pass",
      "task": "go/react",
      "tier": "extended",
      "validation_duration_seconds": 1.410327345,
      "weight": 1.1400000000000001,
      "weighted_score": 1.1400000000000001
    },
    {
      "agent_duration_seconds": 50.243087886,
      "attempts": 1,
      "difficulty": "expert",
      "duration_seconds": 51.671331949,
      "language": "go",
      "passed": true,
      "prompt_chars": 1208,
      "status": "pass",
      "task": "go/singleflight",
      "tier": "extended",
      "validation_duration_seconds": 1.426461385,
      "weight": 1.2800000000000002,
      "weighted_score": 1.2800000000000002
    },
    {
      "agent_duration_seconds": 146.142450966,
      "attempts": 1,
      "difficulty": "hard",
      "duration_seconds": 156.834737369,
      "language": "kotlin",
      "passed": false,
      "prompt_chars": 1298,
      "status": "fail",
      "task": "kotlin/channel-multiplexer",
      "tier": "extended",
      "validation_duration_seconds": 10.691052311,
      "weight": 1.5,
      "weighted_score": 0
    },
    {
      "agent_duration_seconds": 240.001362323,
      "agent_timed_out": true,
      "attempts": 1,
      "difficulty": "hard",
      "duration_seconds": 248.299536756,
      "language": "kotlin",
      "passed": false,
      "prompt_chars": 1255,
      "status": "fail",
      "task": "kotlin/flow-processor",
      "tier": "extended",
      "validation_duration_seconds": 8.297430413,
      "weight": 1.5,
      "weighted_score": 0
    },
    {
      "agent_duration_seconds": 51.317841869,
      "attempts": 1,
      "difficulty": "hard",
      "duration_seconds": 59.182234235,
      "language": "kotlin",
      "passed": true,
      "prompt_chars": 1238,
      "status": "pass",
      "task": "kotlin/lru-cache",
      "tier": "extended",
      "validation_duration_seconds": 7.8625520380000005,
      "weight": 1.09,