{
  "agent": "droid",
  "model": "gpt-5.1-codex-max",
  "reasoning": "high",
  "timestamp": "2026-01-20T180721",
  "pass_rate": 57.692307692307686,
  "weighted_pass_rate": 52.252928807449685,
  "passed": 15,
  "failed": 11,
  "total": 26,
  "weighted_score": 17.395000000000003,
  "max_possible_score": 33.290000000000006,
  "clean_passes": 14,
  "partial_passes": 1,
  "integrity_violations": 0,
  "by_language": {
    "dart": {
      "passed": 1,
      "failed": 2,
      "total": 3,
      "pass_rate": 33.33333333333333
    },
    "go": {
      "passed": 6,
      "failed": 0,
      "total": 6,
      "pass_rate": 100
    },
    "kotlin": {
      "passed": 1,
      "failed": 2,
      "total": 3,
      "pass_rate": 33.33333333333333
    },
    "rust": {
      "passed": 5,
      "failed": 1,
      "total": 6,
      "pass_rate": 83.33333333333334
    },
    "typescript": {
      "passed": 2,
      "failed": 3,
      "total": 5,
      "pass_rate": 40
    },
    "zig": {
      "passed": 0,
      "failed": 3,
      "total": 3,
      "pass_rate": 0
    }
  },
  "total_duration_seconds": 3125.510431546,
  "agent_duration_seconds": 3021.9302482000003,
  "harness_version": "v1.4.0",
  "weight_version": "2.0",
  "tasks_hash": "blake3:168696ded119da3ea973f15bde9c00151c127b3f54168196a84212827fa1b1f0",
  "results_hash": "blake3:13b1930995d4d6cac61fdc4c8e408051089977062f233322bc0d3c006f68be59"
}