{
  "agent": "droid",
  "model": "custom:MiniMax-M2.5",
  "timestamp": "2026-02-11T173100",
  "pass_rate": 61.53846153846154,
  "weighted_pass_rate": 58.57614899369179,
  "passed": 16,
  "failed": 10,
  "total": 26,
  "weighted_score": 19.5,
  "max_possible_score": 33.290000000000006,
  "clean_passes": 16,
  "partial_passes": 0,
  "integrity_violations": 0,
  "by_language": {
    "dart": {
      "passed": 1,
      "failed": 2,
      "total": 3,
      "pass_rate": 33.33333333333333
    },
    "go": {
      "passed": 5,
      "failed": 1,
      "total": 6,
      "pass_rate": 83.33333333333334
    },
    "kotlin": {
      "passed": 0,
      "failed": 3,
      "total": 3,
      "pass_rate": 0
    },
    "rust": {
      "passed": 5,
      "failed": 1,
      "total": 6,
      "pass_rate": 83.33333333333334
    },
    "typescript": {
      "passed": 4,
      "failed": 1,
      "total": 5,
      "pass_rate": 80
    },
    "zig": {
      "passed": 1,
      "failed": 2,
      "total": 3,
      "pass_rate": 33.33333333333333
    }
  },
  "total_duration_seconds": 2349.3622152950006,
  "agent_duration_seconds": 2245.5292658209996,
  "harness_version": "v1.5.8-dirty",
  "weight_version": "2.0",
  "tasks_hash": "blake3:168696ded119da3ea973f15bde9c00151c127b3f54168196a84212827fa1b1f0",
  "results_hash": "blake3:3f7e8baada88105cb69ce4d40e371dc517e4ec16fdd1776560e2ed64a09141d8"
}