{
  "agent": "copilot",
  "model": "unknown",
  "timestamp": "2026-01-24T161215",
  "pass_rate": 61.53846153846154,
  "weighted_pass_rate": 57.299489336136965,
  "passed": 16,
  "failed": 10,
  "total": 26,
  "weighted_score": 19.075,
  "max_possible_score": 33.290000000000006,
  "clean_passes": 15,
  "partial_passes": 1,
  "integrity_violations": 0,
  "by_language": {
    "dart": {
      "passed": 0,
      "failed": 3,
      "total": 3,
      "pass_rate": 0
    },
    "go": {
      "passed": 4,
      "failed": 2,
      "total": 6,
      "pass_rate": 66.66666666666666
    },
    "kotlin": {
      "passed": 2,
      "failed": 1,
      "total": 3,
      "pass_rate": 66.66666666666666
    },
    "rust": {
      "passed": 5,
      "failed": 1,
      "total": 6,
      "pass_rate": 83.33333333333334
    },
    "typescript": {
      "passed": 4,
      "failed": 1,
      "total": 5,
      "pass_rate": 80
    },
    "zig": {
      "passed": 1,
      "failed": 2,
      "total": 3,
      "pass_rate": 33.33333333333333
    }
  },
  "total_duration_seconds": 3393.9369236370003,
  "agent_duration_seconds": 3289.118034433999,
  "harness_version": "v1.5.1",
  "weight_version": "2.0",
  "tasks_hash": "blake3:168696ded119da3ea973f15bde9c00151c127b3f54168196a84212827fa1b1f0",
  "results_hash": "blake3:1c32109f55393166924830ea3fb016c5badaf5296ba99628bbb40840603eb151"
}