{
  "agent": "droid",
  "model": "gemini-3-flash-preview",
  "reasoning": "high",
  "timestamp": "2026-01-18T164235",
  "pass_rate": 46.15384615384615,
  "weighted_pass_rate": 40.37248422949835,
  "passed": 12,
  "failed": 14,
  "total": 26,
  "weighted_score": 13.440000000000001,
  "max_possible_score": 33.290000000000006,
  "clean_passes": 10,
  "partial_passes": 2,
  "integrity_violations": 0,
  "by_language": {
    "dart": {
      "passed": 0,
      "failed": 3,
      "total": 3,
      "pass_rate": 0
    },
    "go": {
      "passed": 5,
      "failed": 1,
      "total": 6,
      "pass_rate": 83.33333333333334
    },
    "kotlin": {
      "passed": 1,
      "failed": 2,
      "total": 3,
      "pass_rate": 33.33333333333333
    },
    "rust": {
      "passed": 3,
      "failed": 3,
      "total": 6,
      "pass_rate": 50
    },
    "typescript": {
      "passed": 2,
      "failed": 3,
      "total": 5,
      "pass_rate": 40
    },
    "zig": {
      "passed": 1,
      "failed": 2,
      "total": 3,
      "pass_rate": 33.33333333333333
    }
  },
  "total_duration_seconds": 3699.241182792,
  "agent_duration_seconds": 3595.507127029001,
  "harness_version": "v1.3.0",
  "weight_version": "2.0",
  "tasks_hash": "blake3:168696ded119da3ea973f15bde9c00151c127b3f54168196a84212827fa1b1f0",
  "results_hash": "blake3:223394e89dcd3fd87f7fce6c266141ad35c5ee86d9f7484ae4167cf41a68089e"
}