{
  "agent": "opencode",
  "model": "google/antigravity-gemini-3-pro",
  "reasoning": "high",
  "timestamp": "2026-01-25T171626",
  "pass_rate": 50,
  "weighted_pass_rate": 44.9534394713127,
  "passed": 13,
  "failed": 13,
  "total": 26,
  "weighted_score": 14.965000000000002,
  "max_possible_score": 33.290000000000006,
  "clean_passes": 12,
  "partial_passes": 1,
  "integrity_violations": 0,
  "by_language": {
    "dart": {
      "passed": 0,
      "failed": 3,
      "total": 3,
      "pass_rate": 0
    },
    "go": {
      "passed": 6,
      "failed": 0,
      "total": 6,
      "pass_rate": 100
    },
    "kotlin": {
      "passed": 2,
      "failed": 1,
      "total": 3,
      "pass_rate": 66.66666666666666
    },
    "rust": {
      "passed": 2,
      "failed": 4,
      "total": 6,
      "pass_rate": 33.33333333333333
    },
    "typescript": {
      "passed": 2,
      "failed": 3,
      "total": 5,
      "pass_rate": 40
    },
    "zig": {
      "passed": 1,
      "failed": 2,
      "total": 3,
      "pass_rate": 33.33333333333333
    }
  },
  "total_duration_seconds": 3649.4858736109995,
  "agent_duration_seconds": 3544.94380637,
  "harness_version": "v1.5.1-1-g3b5528f",
  "weight_version": "2.0",
  "tasks_hash": "blake3:168696ded119da3ea973f15bde9c00151c127b3f54168196a84212827fa1b1f0",
  "results_hash": "blake3:d5837f13bafc79e275b4975b3600d7b25460017e6437a521c0a9e4730554b215",
  "disable_mcp": true
}
