{
  "agent": "opencode",
  "model": "github-copilot/gemini-3-flash-preview",
  "reasoning": "high",
  "timestamp": "2026-01-25T155431",
  "pass_rate": 42.30769230769231,
  "weighted_pass_rate": 38.67527786121958,
  "passed": 11,
  "failed": 15,
  "total": 26,
  "weighted_score": 12.875,
  "max_possible_score": 33.290000000000006,
  "clean_passes": 10,
  "partial_passes": 1,
  "integrity_violations": 0,
  "by_language": {
    "dart": {
      "passed": 0,
      "failed": 3,
      "total": 3,
      "pass_rate": 0
    },
    "go": {
      "passed": 4,
      "failed": 2,
      "total": 6,
      "pass_rate": 66.66666666666666
    },
    "kotlin": {
      "passed": 1,
      "failed": 2,
      "total": 3,
      "pass_rate": 33.33333333333333
    },
    "rust": {
      "passed": 3,
      "failed": 3,
      "total": 6,
      "pass_rate": 50
    },
    "typescript": {
      "passed": 2,
      "failed": 3,
      "total": 5,
      "pass_rate": 40
    },
    "zig": {
      "passed": 1,
      "failed": 2,
      "total": 3,
      "pass_rate": 33.33333333333333
    }
  },
  "total_duration_seconds": 3364.9547518150002,
  "agent_duration_seconds": 3172.2435573730004,
  "harness_version": "v1.5.1-1-g3b5528f",
  "weight_version": "2.0",
  "tasks_hash": "blake3:168696ded119da3ea973f15bde9c00151c127b3f54168196a84212827fa1b1f0",
  "results_hash": "blake3:dfa1544861e00e6eb9b0ca51d8d4ebccdf6e05f1471617be315709efbc5be1e0",
  "disable_mcp": true
}
