{
  "agent": "cline",
  "model": "claude-opus-4-6",
  "timestamp": "2026-02-16T185103",
  "pass_rate": 65.38461538461539,
  "weighted_pass_rate": 61.85040552718534,
  "passed": 17,
  "failed": 9,
  "total": 26,
  "weighted_score": 20.590000000000003,
  "max_possible_score": 33.290000000000006,
  "clean_passes": 17,
  "partial_passes": 0,
  "integrity_violations": 0,
  "by_language": {
    "dart": {
      "passed": 0,
      "failed": 3,
      "total": 3,
      "pass_rate": 0
    },
    "go": {
      "passed": 6,
      "failed": 0,
      "total": 6,
      "pass_rate": 100
    },
    "kotlin": {
      "passed": 1,
      "failed": 2,
      "total": 3,
      "pass_rate": 33.33333333333333
    },
    "rust": {
      "passed": 5,
      "failed": 1,
      "total": 6,
      "pass_rate": 83.33333333333334
    },
    "typescript": {
      "passed": 3,
      "failed": 2,
      "total": 5,
      "pass_rate": 60
    },
    "zig": {
      "passed": 2,
      "failed": 1,
      "total": 3,
      "pass_rate": 66.66666666666666
    }
  },
  "total_duration_seconds": 133.727029299,
  "agent_duration_seconds": 2372.3575626680004,
  "harness_version": "dev",
  "weight_version": "2.0",
  "tasks_hash": "blake3:168696ded119da3ea973f15bde9c00151c127b3f54168196a84212827fa1b1f0",
  "results_hash": "blake3:1dbf38f58822b3ead66a62c397c784b2dcba1e835a45d65e95e01175a49377db",
  "sandbox": true
}