{
  "agent": "junie",
  "model": "gemini-3-pro-preview",
  "timestamp": "2026-01-24T042244",
  "pass_rate": 50,
  "weighted_pass_rate": 46.665618118905314,
  "passed": 13,
  "failed": 13,
  "total": 26,
  "weighted_score": 14.835,
  "max_possible_score": 31.790000000000006,
  "clean_passes": 11,
  "partial_passes": 2,
  "integrity_violations": 0,
  "by_language": {
    "dart": {
      "passed": 0,
      "failed": 3,
      "total": 3,
      "pass_rate": 0
    },
    "go": {
      "passed": 5,
      "failed": 1,
      "total": 6,
      "pass_rate": 83.33333333333334
    },
    "kotlin": {
      "passed": 2,
      "failed": 1,
      "total": 3,
      "pass_rate": 66.66666666666666
    },
    "rust": {
      "passed": 4,
      "failed": 2,
      "total": 6,
      "pass_rate": 66.66666666666666
    },
    "typescript": {
      "passed": 1,
      "failed": 4,
      "total": 5,
      "pass_rate": 20
    },
    "zig": {
      "passed": 1,
      "failed": 2,
      "total": 3,
      "pass_rate": 33.33333333333333
    }
  },
  "total_duration_seconds": 4024.9594582619998,
  "agent_duration_seconds": 3818.2336876829995,
  "harness_version": "v1.5.1",
  "weight_version": "2.0",
  "tasks_hash": "blake3:168696ded119da3ea973f15bde9c00151c127b3f54168196a84212827fa1b1f0",
  "results_hash": "blake3:a169b267898068c6855f38815916fd9be2028232b161c2c3ea4513726feed99b"
}
