{
  "agent": "codex",
  "model": "gpt-5.3-codex",
  "reasoning": "low",
  "timestamp": "2026-02-24T122937",
  "pass_rate": 69.23076923076923,
  "weighted_pass_rate": 65.27485731450886,
  "passed": 18,
  "failed": 8,
  "total": 26,
  "weighted_score": 21.730000000000004,
  "max_possible_score": 33.290000000000006,
  "clean_passes": 18,
  "partial_passes": 0,
  "integrity_violations": 0,
  "by_language": {
    "dart": {
      "passed": 1,
      "failed": 2,
      "total": 3,
      "pass_rate": 33.33333333333333
    },
    "go": {
      "passed": 6,
      "failed": 0,
      "total": 6,
      "pass_rate": 100
    },
    "kotlin": {
      "passed": 1,
      "failed": 2,
      "total": 3,
      "pass_rate": 33.33333333333333
    },
    "rust": {
      "passed": 5,
      "failed": 1,
      "total": 6,
      "pass_rate": 83.33333333333334
    },
    "typescript": {
      "passed": 4,
      "failed": 1,
      "total": 5,
      "pass_rate": 80
    },
    "zig": {
      "passed": 1,
      "failed": 2,
      "total": 3,
      "pass_rate": 33.33333333333333
    }
  },
  "total_duration_seconds": 1077.7544345939998,
  "agent_duration_seconds": 957.4850340710002,
  "harness_version": "v1.6.1",
  "weight_version": "2.0",
  "tasks_hash": "blake3:168696ded119da3ea973f15bde9c00151c127b3f54168196a84212827fa1b1f0",
  "results_hash": "blake3:2cad03323a0b9fc54d2a15df4685a87e7c1a7df3643d204763d7ed6df219120b",
  "legacy": true
}