{
  "agent": "opencode",
  "model": "minimax-anthropic/MiniMax-M2.1",
  "timestamp": "2026-01-24T040229",
  "pass_rate": 30.76923076923077,
  "weighted_pass_rate": 27.807153965785382,
  "passed": 8,
  "failed": 18,
  "total": 26,
  "weighted_score": 8.940000000000001,
  "max_possible_score": 32.150000000000006,
  "clean_passes": 8,
  "partial_passes": 0,
  "integrity_violations": 0,
  "by_language": {
    "dart": {
      "passed": 0,
      "failed": 3,
      "total": 3,
      "pass_rate": 0
    },
    "go": {
      "passed": 5,
      "failed": 1,
      "total": 6,
      "pass_rate": 83.33333333333334
    },
    "kotlin": {
      "passed": 0,
      "failed": 3,
      "total": 3,
      "pass_rate": 0
    },
    "rust": {
      "passed": 1,
      "failed": 5,
      "total": 6,
      "pass_rate": 16.666666666666664
    },
    "typescript": {
      "passed": 2,
      "failed": 3,
      "total": 5,
      "pass_rate": 40
    },
    "zig": {
      "passed": 0,
      "failed": 3,
      "total": 3,
      "pass_rate": 0
    }
  },
  "total_duration_seconds": 1610.7025647180003,
  "agent_duration_seconds": 1363.456313926,
  "harness_version": "v1.5.1",
  "weight_version": "2.0",
  "tasks_hash": "blake3:168696ded119da3ea973f15bde9c00151c127b3f54168196a84212827fa1b1f0",
  "results_hash": "blake3:7cc21ae847092226036bc830b3fc3d6e9eaead54990d616f6430357bd9f38b23",
  "disable_mcp": true
}
