{
  "agent": "codex",
  "model": "gpt-5.2-codex",
  "reasoning": "high",
  "timestamp": "2026-02-24T144013",
  "pass_rate": 53.84615384615385,
  "weighted_pass_rate": 48.01742264944428,
  "passed": 14,
  "failed": 12,
  "total": 26,
  "weighted_score": 15.985000000000003,
  "max_possible_score": 33.290000000000006,
  "clean_passes": 13,
  "partial_passes": 1,
  "integrity_violations": 0,
  "by_language": {
    "dart": {
      "passed": 0,
      "failed": 3,
      "total": 3,
      "pass_rate": 0
    },
    "go": {
      "passed": 6,
      "failed": 0,
      "total": 6,
      "pass_rate": 100
    },
    "kotlin": {
      "passed": 2,
      "failed": 1,
      "total": 3,
      "pass_rate": 66.66666666666666
    },
    "rust": {
      "passed": 4,
      "failed": 2,
      "total": 6,
      "pass_rate": 66.66666666666666
    },
    "typescript": {
      "passed": 2,
      "failed": 3,
      "total": 5,
      "pass_rate": 40
    },
    "zig": {
      "passed": 0,
      "failed": 3,
      "total": 3,
      "pass_rate": 0
    }
  },
  "total_duration_seconds": 2515.179957367,
  "agent_duration_seconds": 2398.5346754340003,
  "harness_version": "v1.6.1",
  "weight_version": "2.0",
  "tasks_hash": "blake3:168696ded119da3ea973f15bde9c00151c127b3f54168196a84212827fa1b1f0",
  "results_hash": "blake3:9172f816377959f3947101021b4587cb1f7c3fa3b34fd397e7afe0fa6c582ae9",
  "legacy": true
}