{
  "agent": "qwen",
  "timestamp": "2026-01-09T044849",
  "pass_rate": 53.84615384615385,
  "weighted_pass_rate": 52.13063763608087,
  "passed": 14,
  "failed": 12,
  "total": 26,
  "weighted_score": 16.76,
  "max_possible_score": 32.150000000000006,
  "clean_passes": 13,
  "partial_passes": 1,
  "integrity_violations": 0,
  "by_language": {
    "dart": {
      "passed": 1,
      "failed": 2,
      "total": 3,
      "pass_rate": 33.33333333333333
    },
    "go": {
      "passed": 5,
      "failed": 1,
      "total": 6,
      "pass_rate": 83.33333333333334
    },
    "kotlin": {
      "passed": 0,
      "failed": 3,
      "total": 3,
      "pass_rate": 0
    },
    "rust": {
      "passed": 5,
      "failed": 1,
      "total": 6,
      "pass_rate": 83.33333333333334
    },
    "typescript": {
      "passed": 2,
      "failed": 3,
      "total": 5,
      "pass_rate": 40
    },
    "zig": {
      "passed": 1,
      "failed": 2,
      "total": 3,
      "pass_rate": 33.33333333333333
    }
  },
  "total_duration_seconds": 3655.674949319,
  "agent_duration_seconds": 3433.3184376209992,
  "harness_version": "v1.0.1-dirty",
  "weight_version": "2.0",
  "tasks_hash": "blake3:168696ded119da3ea973f15bde9c00151c127b3f54168196a84212827fa1b1f0",
  "results_hash": "blake3:6b4e4e08b4b359e5719c96839ecca151bf30667a67afab3cd0e11048c726c6df"
}