{
  "agent": "codex",
  "model": "gpt-5.3-codex-spark",
  "reasoning": "xhigh",
  "timestamp": "2026-02-24T120539",
  "pass_rate": 61.53846153846154,
  "weighted_pass_rate": 57.404626013817946,
  "passed": 16,
  "failed": 10,
  "total": 26,
  "weighted_score": 19.11,
  "max_possible_score": 33.290000000000006,
  "clean_passes": 16,
  "partial_passes": 0,
  "integrity_violations": 0,
  "by_language": {
    "dart": {
      "passed": 0,
      "failed": 3,
      "total": 3,
      "pass_rate": 0
    },
    "go": {
      "passed": 6,
      "failed": 0,
      "total": 6,
      "pass_rate": 100
    },
    "kotlin": {
      "passed": 1,
      "failed": 2,
      "total": 3,
      "pass_rate": 33.33333333333333
    },
    "rust": {
      "passed": 4,
      "failed": 2,
      "total": 6,
      "pass_rate": 66.66666666666666
    },
    "typescript": {
      "passed": 4,
      "failed": 1,
      "total": 5,
      "pass_rate": 80
    },
    "zig": {
      "passed": 1,
      "failed": 2,
      "total": 3,
      "pass_rate": 33.33333333333333
    }
  },
  "total_duration_seconds": 771.9662577149999,
  "agent_duration_seconds": 633.9967676179999,
  "harness_version": "v1.6.1",
  "weight_version": "2.0",
  "tasks_hash": "blake3:168696ded119da3ea973f15bde9c00151c127b3f54168196a84212827fa1b1f0",
  "results_hash": "blake3:6b4126296f668cb7635f5d806b59828b59de7b52ce7665d9053f3829f95ef28e",
  "legacy": true
}