{
  "agent": "codex",
  "model": "gpt-5.3-codex-spark",
  "reasoning": "medium",
  "timestamp": "2026-02-24T115854",
  "pass_rate": 61.53846153846154,
  "weighted_pass_rate": 57.34454791228597,
  "passed": 16,
  "failed": 10,
  "total": 26,
  "weighted_score": 19.090000000000003,
  "max_possible_score": 33.290000000000006,
  "clean_passes": 16,
  "partial_passes": 0,
  "integrity_violations": 0,
  "by_language": {
    "dart": {
      "passed": 0,
      "failed": 3,
      "total": 3,
      "pass_rate": 0
    },
    "go": {
      "passed": 6,
      "failed": 0,
      "total": 6,
      "pass_rate": 100
    },
    "kotlin": {
      "passed": 2,
      "failed": 1,
      "total": 3,
      "pass_rate": 66.66666666666666
    },
    "rust": {
      "passed": 4,
      "failed": 2,
      "total": 6,
      "pass_rate": 66.66666666666666
    },
    "typescript": {
      "passed": 3,
      "failed": 2,
      "total": 5,
      "pass_rate": 60
    },
    "zig": {
      "passed": 1,
      "failed": 2,
      "total": 3,
      "pass_rate": 33.33333333333333
    }
  },
  "total_duration_seconds": 783.6921721319999,
  "agent_duration_seconds": 637.3004260079999,
  "harness_version": "v1.6.1",
  "weight_version": "2.0",
  "tasks_hash": "blake3:168696ded119da3ea973f15bde9c00151c127b3f54168196a84212827fa1b1f0",
  "results_hash": "blake3:7092a8a328f8106e7a70508f470e25904faa6d6b68f72822a8f4731fd62671f9",
  "legacy": true
}