{
  "agent": "kilocode",
  "model": "azure-claude/claude-sonnet-4-6",
  "timestamp": "2026-02-19T140930",
  "pass_rate": 65.38461538461539,
  "weighted_pass_rate": 62.27095223790927,
  "passed": 17,
  "failed": 9,
  "total": 26,
  "weighted_score": 20.73,
  "max_possible_score": 33.290000000000006,
  "clean_passes": 17,
  "partial_passes": 0,
  "integrity_violations": 0,
  "by_language": {
    "dart": {
      "passed": 0,
      "failed": 3,
      "total": 3,
      "pass_rate": 0
    },
    "go": {
      "passed": 5,
      "failed": 1,
      "total": 6,
      "pass_rate": 83.33333333333334
    },
    "kotlin": {
      "passed": 3,
      "failed": 0,
      "total": 3,
      "pass_rate": 100
    },
    "rust": {
      "passed": 4,
      "failed": 2,
      "total": 6,
      "pass_rate": 66.66666666666666
    },
    "typescript": {
      "passed": 3,
      "failed": 2,
      "total": 5,
      "pass_rate": 60
    },
    "zig": {
      "passed": 2,
      "failed": 1,
      "total": 3,
      "pass_rate": 66.66666666666666
    }
  },
  "total_duration_seconds": 488.378471286,
  "agent_duration_seconds": 1381.725676021,
  "harness_version": "v1.5.17-6-g6362fe6-dirty",
  "weight_version": "2.0",
  "tasks_hash": "blake3:168696ded119da3ea973f15bde9c00151c127b3f54168196a84212827fa1b1f0",
  "results_hash": "blake3:ca59bc5b794952b91641ae7ca7d880ea10716db22f873bd73254d1ac0d241c06",
  "sandbox": true,
  "legacy": true
}