{
  "agent": "opencode",
  "model": "cliproxy-copilot/copilot-claude-opus-4.6",
  "reasoning": "high",
  "timestamp": "2026-02-11T064921",
  "pass_rate": 53.84615384615385,
  "weighted_pass_rate": 49.41423851006308,
  "passed": 14,
  "failed": 12,
  "total": 26,
  "weighted_score": 16.450000000000003,
  "max_possible_score": 33.290000000000006,
  "clean_passes": 14,
  "partial_passes": 0,
  "integrity_violations": 0,
  "by_language": {
    "dart": {
      "passed": 0,
      "failed": 3,
      "total": 3,
      "pass_rate": 0
    },
    "go": {
      "passed": 5,
      "failed": 1,
      "total": 6,
      "pass_rate": 83.33333333333334
    },
    "kotlin": {
      "passed": 2,
      "failed": 1,
      "total": 3,
      "pass_rate": 66.66666666666666
    },
    "rust": {
      "passed": 4,
      "failed": 2,
      "total": 6,
      "pass_rate": 66.66666666666666
    },
    "typescript": {
      "passed": 2,
      "failed": 3,
      "total": 5,
      "pass_rate": 40
    },
    "zig": {
      "passed": 1,
      "failed": 2,
      "total": 3,
      "pass_rate": 33.33333333333333
    }
  },
  "total_duration_seconds": 1462.9126111540002,
  "agent_duration_seconds": 1354.166957301,
  "harness_version": "v1.5.8-dirty",
  "weight_version": "2.0",
  "tasks_hash": "blake3:168696ded119da3ea973f15bde9c00151c127b3f54168196a84212827fa1b1f0",
  "results_hash": "blake3:ce47014ebb37cee9574fd9b646dee8742402fe7ccef7aa18d70a77228763a376",
  "disable_mcp": true
}