{
  "agent": "codex",
  "model": "gpt-5.2-codex",
  "reasoning": "xhigh",
  "timestamp": "2026-02-24T144733",
  "pass_rate": 50,
  "weighted_pass_rate": 45.163712826674676,
  "passed": 13,
  "failed": 13,
  "total": 26,
  "weighted_score": 15.035000000000004,
  "max_possible_score": 33.290000000000006,
  "clean_passes": 12,
  "partial_passes": 1,
  "integrity_violations": 0,
  "by_language": {
    "dart": {
      "passed": 0,
      "failed": 3,
      "total": 3,
      "pass_rate": 0
    },
    "go": {
      "passed": 4,
      "failed": 2,
      "total": 6,
      "pass_rate": 66.66666666666666
    },
    "kotlin": {
      "passed": 1,
      "failed": 2,
      "total": 3,
      "pass_rate": 33.33333333333333
    },
    "rust": {
      "passed": 5,
      "failed": 1,
      "total": 6,
      "pass_rate": 83.33333333333334
    },
    "typescript": {
      "passed": 3,
      "failed": 2,
      "total": 5,
      "pass_rate": 60
    },
    "zig": {
      "passed": 0,
      "failed": 3,
      "total": 3,
      "pass_rate": 0
    }
  },
  "total_duration_seconds": 3136.189684562,
  "agent_duration_seconds": 3019.579218662,
  "harness_version": "v1.6.1",
  "weight_version": "2.0",
  "tasks_hash": "blake3:168696ded119da3ea973f15bde9c00151c127b3f54168196a84212827fa1b1f0",
  "results_hash": "blake3:34add4aeb1085fd784e5bdd92317a6c2369e0091cdbb64abd42c166ebea8685f",
  "legacy": true
}