{
  "agent": "droid",
  "model": "claude-opus-4-6",
  "reasoning": "max",
  "timestamp": "2026-02-06T002334",
  "pass_rate": 65.38461538461539,
  "weighted_pass_rate": 62.51126464403725,
  "passed": 17,
  "failed": 9,
  "total": 26,
  "weighted_score": 20.810000000000002,
  "max_possible_score": 33.290000000000006,
  "clean_passes": 17,
  "partial_passes": 0,
  "integrity_violations": 0,
  "by_language": {
    "dart": {
      "passed": 1,
      "failed": 2,
      "total": 3,
      "pass_rate": 33.33333333333333
    },
    "go": {
      "passed": 4,
      "failed": 2,
      "total": 6,
      "pass_rate": 66.66666666666666
    },
    "kotlin": {
      "passed": 2,
      "failed": 1,
      "total": 3,
      "pass_rate": 66.66666666666666
    },
    "rust": {
      "passed": 5,
      "failed": 1,
      "total": 6,
      "pass_rate": 83.33333333333334
    },
    "typescript": {
      "passed": 4,
      "failed": 1,
      "total": 5,
      "pass_rate": 80
    },
    "zig": {
      "passed": 1,
      "failed": 2,
      "total": 3,
      "pass_rate": 33.33333333333333
    }
  },
  "total_duration_seconds": 1976.5149634149998,
  "agent_duration_seconds": 1870.170217968,
  "harness_version": "v1.5.8-dirty",
  "weight_version": "2.0",
  "tasks_hash": "blake3:168696ded119da3ea973f15bde9c00151c127b3f54168196a84212827fa1b1f0",
  "results_hash": "blake3:f599b28f24654cbc7a6f525a8401c2027946655a7a89ac3e37ebe7d515f43bea"
}