{
  "agent": "droid",
  "model": "custom:MiniMax-M2.1",
  "timestamp": "2026-01-27T175518",
  "pass_rate": 53.84615384615385,
  "weighted_pass_rate": 51.09642535295884,
  "passed": 14,
  "failed": 12,
  "total": 26,
  "weighted_score": 17.01,
  "max_possible_score": 33.290000000000006,
  "clean_passes": 13,
  "partial_passes": 1,
  "integrity_violations": 0,
  "by_language": {
    "dart": {
      "passed": 1,
      "failed": 2,
      "total": 3,
      "pass_rate": 33.33333333333333
    },
    "go": {
      "passed": 4,
      "failed": 2,
      "total": 6,
      "pass_rate": 66.66666666666666
    },
    "kotlin": {
      "passed": 1,
      "failed": 2,
      "total": 3,
      "pass_rate": 33.33333333333333
    },
    "rust": {
      "passed": 4,
      "failed": 2,
      "total": 6,
      "pass_rate": 66.66666666666666
    },
    "typescript": {
      "passed": 3,
      "failed": 2,
      "total": 5,
      "pass_rate": 60
    },
    "zig": {
      "passed": 1,
      "failed": 2,
      "total": 3,
      "pass_rate": 33.33333333333333
    }
  },
  "total_duration_seconds": 2851.2995288459997,
  "agent_duration_seconds": 2721.2942280839998,
  "harness_version": "v1.5.6",
  "weight_version": "2.0",
  "tasks_hash": "blake3:168696ded119da3ea973f15bde9c00151c127b3f54168196a84212827fa1b1f0",
  "results_hash": "blake3:231fb3b7c2197d79315cc03f827c2299333abbdcef87e15feef4b4e4540a0509"
}
