{
  "agent": "opencode",
  "model": "github-copilot/claude-opus-4.5",
  "reasoning": "high",
  "timestamp": "2026-01-25T215433",
  "pass_rate": 57.692307692307686,
  "weighted_pass_rate": 53.920096124962434,
  "passed": 15,
  "failed": 11,
  "total": 26,
  "weighted_score": 17.95,
  "max_possible_score": 33.290000000000006,
  "clean_passes": 15,
  "partial_passes": 0,
  "integrity_violations": 0,
  "by_language": {
    "dart": {
      "passed": 0,
      "failed": 3,
      "total": 3,
      "pass_rate": 0
    },
    "go": {
      "passed": 5,
      "failed": 1,
      "total": 6,
      "pass_rate": 83.33333333333334
    },
    "kotlin": {
      "passed": 3,
      "failed": 0,
      "total": 3,
      "pass_rate": 100
    },
    "rust": {
      "passed": 4,
      "failed": 2,
      "total": 6,
      "pass_rate": 66.66666666666666
    },
    "typescript": {
      "passed": 2,
      "failed": 3,
      "total": 5,
      "pass_rate": 40
    },
    "zig": {
      "passed": 1,
      "failed": 2,
      "total": 3,
      "pass_rate": 33.33333333333333
    }
  },
  "total_duration_seconds": 1329.7221902610006,
  "agent_duration_seconds": 1132.2911116560003,
  "harness_version": "v1.5.1-1-g3b5528f",
  "weight_version": "2.0",
  "tasks_hash": "blake3:168696ded119da3ea973f15bde9c00151c127b3f54168196a84212827fa1b1f0",
  "results_hash": "blake3:329b7a43885c80d9859cdf497ebc3f71a1d15ae44be6f844b4e121dc6021f6cf",
  "disable_mcp": true
}
