{
  "agent": "droid",
  "agent_duration_seconds": 4046.885743412,
  "by_difficulty": {
    "expert": {
      "agent_duration_seconds": 693.530186417,
      "duration_seconds": 0,
      "failed": 1,
      "pass_rate": 66.66666666666666,
      "passed": 2,
      "total": 3,
      "validation_duration_seconds": 2.5956741100992433
    },
    "hard": {
      "agent_duration_seconds": 3353.355556995,
      "duration_seconds": 0,
      "failed": 6,
      "pass_rate": 73.91304347826086,
      "passed": 17,
      "total": 23,
      "validation_duration_seconds": 100.16968641877756
    }
  },
  "by_language": {
    "dart": {
      "agent_duration_seconds": 898.98520962,
      "duration_seconds": 0,
      "failed": 2,
      "pass_rate": 33.33333333333333,
      "passed": 1,
      "total": 3,
      "validation_duration_seconds": 50.502904195866705
    },
    "go": {
      "agent_duration_seconds": 569.52849887,
      "duration_seconds": 0,
      "failed": 0,
      "pass_rate": 100,
      "passed": 6,
      "total": 6,
      "validation_duration_seconds": 9.175659679010131
    },
    "kotlin": {
      "agent_duration_seconds": 514.126303072,
      "duration_seconds": 0,
      "failed": 1,
      "pass_rate": 66.66666666666666,
      "passed": 2,
      "total": 3,
      "validation_duration_seconds": 28.554118866
    },
    "rust": {
      "agent_duration_seconds": 511.65297413299993,
      "duration_seconds": 0,
      "failed": 1,
      "pass_rate": 83.33333333333334,
      "passed": 5,
      "total": 6,
      "validation_duration_seconds": 4.069687753999999
    },
    "typescript": {
      "agent_duration_seconds": 463.47718438699997,
      "duration_seconds": 0,
      "failed": 1,
      "pass_rate": 80,
      "passed": 4,
      "total": 5,
      "validation_duration_seconds": 4.096242951
    },
    "zig": {
      "agent_duration_seconds": 1089.11557333,
      "duration_seconds": 0,
      "failed": 2,
      "pass_rate": 33.33333333333333,
      "passed": 1,
      "total": 3,
      "validation_duration_seconds": 6.366747083
    }
  },
  "by_tier": {
    "core": {
      "agent_duration_seconds": 1022.1008594909999,
      "duration_seconds": 0,
      "failed": 2,
      "pass_rate": 83.33333333333334,
      "passed": 10,
      "total": 12,
      "validation_duration_seconds": 12.378916368099489
    },
    "extended": {
      "agent_duration_seconds": 3024.7848839209996,
      "duration_seconds": 0,
      "failed": 5,
      "pass_rate": 64.28571428571429,
      "passed": 9,
      "total": 14,
      "validation_duration_seconds": 90.38644416077734
    }
  },
  "clean_passes": 19,
  "failed": 7,
  "integrity_violations": 0,
  "max_possible_score": 33.29,
  "model": "gpt-5.3-codex",
  "parallel": 1,
  "partial_passes": 0,
  "pass_rate": 73.07692307692307,
  "passed": 19,
  "prompt_chars": 24112,
  "reasoning": "xhigh",
  "results": [
    {
      "agent_duration_seconds": 120,
      "attempts": 1,
      "difficulty": "hard",
      "duration_seconds": 0,
      "language": "dart",
      "passed": false,
      "status": "fail",
      "task": "dart/future-pool",
      "tier": "extended",
      "validation_duration_seconds": 16.5175199508667,
      "weight": 1.46,
      "weighted_score": 0
    },
    {
      "agent_duration_seconds": 540.296850843,
      "agent_timed_out": true,
      "attempts": 1,
      "difficulty": "hard",
      "duration_seconds": 0,
      "language": "dart",
      "passed": false,
      "prompt_chars": 1216,
      "quota_retries": 2,
      "status": "fail",
      "task": "dart/isolate-pool",
      "tier": "extended",
      "validation_duration_seconds": 16.692619968,
      "weight": 1.5,
      "weighted_score": 0
    },
    {
      "agent_duration_seconds": 238.688358777,
      "attempts": 1,
      "difficulty": "hard",
      "duration_seconds": 0,
      "language": "dart",
      "passed": true,
      "prompt_chars": 1237,
      "status": "pass",
      "task": "dart/reactive-cache",
      "tier": "extended",
      "validation_duration_seconds": 17.292764277,
      "weight": 1.5,
      "weighted_score": 1.5
    },
    {
      "agent_duration_seconds": 71.9,
      "attempts": 1,
      "difficulty": "hard",
      "duration_seconds": 0,
      "language": "go",
      "passed": true,
      "status": "pass",
      "task": "go/bank-account",
      "tier": "core",
      "validation_duration_seconds": 1.446047306060791,
      "weight": 1.04,
      "weighted_score": 1.04
    },
    {
      "agent_duration_seconds": 114.6,
      "attempts": 1,
      "difficulty": "hard",
      "duration_seconds": 0,
      "language": "go",
      "passed": true,
      "status": "pass",
      "task": "go/dining-philosophers",
      "tier": "core",
      "validation_duration_seconds": 1.5560505390167236,
      "weight": 1.04,
      "weighted_score": 1.04
    },
    {
      "agent_duration_seconds": 86.72849887,
      "attempts": 1,
      "difficulty": "hard",
      "duration_seconds": 0,
      "language": "go",
      "passed": true,
      "prompt_chars": 1222,
      "status": "pass",
      "task": "go/errgroup-limit",
      "tier": "core",
      "validation_duration_seconds": 1.7914226279999999,
      "weight": 1.1400000000000001,
      "weighted_score": 1.1400000000000001
    },
    {
      "agent_duration_seconds": 61.3,
      "attempts": 1,
      "difficulty": "hard",
      "duration_seconds": 0,
      "language": "go",
      "passed": true,
      "status": "pass",
      "task": "go/parallel-letter-frequency",
      "tier": "core",
      "validation_duration_seconds": 1.4060449600219727,
      "weight": 1.04,
      "weighted_score": 1.04
    },
    {
      "agent_duration_seconds": 120,
      "attempts": 1,
      "difficulty": "hard",
      "duration_seconds": 0,
      "language": "go",
      "passed": true,
      "status": "pass",
      "task": "go/react",
      "tier": "extended",
      "validation_duration_seconds": 1.4620463848114014,
      "weight": 1.1400000000000001,
      "weighted_score": 1.1400000000000001
    },
    {
      "agent_duration_seconds": 115,
      "attempts": 1,
      "difficulty": "expert",
      "duration_seconds": 0,
      "language": "go",
      "passed": true,
      "status": "pass",
      "task": "go/singleflight",
      "tier": "extended",
      "validation_duration_seconds": 1.5140478610992432,
      "weight": 1.2800000000000002,
      "weighted_score": 1.2800000000000002
    },
    {
      "agent_duration_seconds": 214.745280759,
      "attempts": 1,
      "difficulty": "hard",
      "duration_seconds": 0,
      "language": "kotlin",
      "passed": false,
      "prompt_chars": 1298,
      "status": "fail",
      "task": "kotlin/channel-multiplexer",
      "tier": "extended",
      "validation_duration_seconds": 11.007938765,
      "weight": 1.5,
      "weighted_score": 0
    },
    {
      "agent_duration_seconds": 199.092685566,
      "attempts": 1,
      "difficulty": "hard",
      "duration_seconds": 0,
      "language": "kotlin",
      "passed": true,
      "prompt_chars": 1255,
      "status": "pass",
      "task": "kotlin/flow-processor",
      "tier": "extended",
      "validation_duration_seconds": 9.509263613,
      "weight": 1.5,
      "weighted_score": 1.5
    },
    {
      "agent_duration_seconds": 100.288336747,
      "attempts": 1,
      "difficulty": "hard",
      "duration_seconds": 0,
      "language": "kotlin",
      "passed": true,
      "prompt_chars": 1238,
      "status": "pass",
      "task": "kotlin/lru-cache",
      "tier": "extended",
      "validation_duration_seconds": 8.036916488,
      "weight": 1.09,
      "weighted_score": 1.09
    },
    {
      "agent_duration_seconds": 74.497912203,
      "attempts": 1,
      "difficulty": "hard",
      "duration_seconds": 0,
      "language": "rust",
      "passed": true,
      "prompt_chars": 1171,
      "status": "pass",
      "task": "rust/circular-buffer",
      "tier": "core",
      "validation_duration_seconds": 0.758900351,
      "weight": 1.12,