{
  "agent": "droid",
  "agent_duration_seconds": 1960.7318454299996,
  "by_language": {
    "dart": {
      "failed": 3,
      "pass_rate": 0,
      "passed": 0,
      "total": 3
    },
    "go": {
      "failed": 2,
      "pass_rate": 66.66666666666666,
      "passed": 4,
      "total": 6
    },
    "kotlin": {
      "failed": 2,
      "pass_rate": 33.33333333333333,
      "passed": 1,
      "total": 3
    },
    "rust": {
      "failed": 4,
      "pass_rate": 33.33333333333333,
      "passed": 2,
      "total": 6
    },
    "typescript": {
      "failed": 1,
      "pass_rate": 80,
      "passed": 4,
      "total": 5
    },
    "zig": {
      "failed": 2,
      "pass_rate": 33.33333333333333,
      "passed": 1,
      "total": 3
    }
  },
  "clean_passes": 12,
  "failed": 14,
  "harness_version": "v1.5.19-1-g61b4ea9",
  "integrity_violations": 0,
  "max_possible_score": 33.29,
  "model": "custom:qwen3.5-plus",
  "partial_passes": 0,
  "pass_rate": 46.15384615384615,
  "passed": 12,
  "results_hash": "blake3:9065b450075c8d1dc86da3e95674ee4b7b7909f05f2b5806204aaf7e2859f2cf",
  "sandbox": true,
  "tasks_hash": "blake3:168696ded119da3ea973f15bde9c00151c127b3f54168196a84212827fa1b1f0",
  "timestamp": "2026-02-16T144244",
  "total": 26,
  "total_duration_seconds": 0,
  "weight_version": "2.0",
  "weighted_pass_rate": 42.63,
  "weighted_score": 14.19
}