{
  "agent": "codex",
  "model": "gpt-5.2",
  "reasoning": "xhigh",
  "timestamp": "2026-02-24T152633",
  "pass_rate": 26.923076923076923,
  "weighted_pass_rate": 19.382697506758785,
  "passed": 7,
  "failed": 19,
  "total": 26,
  "weighted_score": 6.452500000000001,
  "max_possible_score": 33.290000000000006,
  "clean_passes": 1,
  "partial_passes": 6,
  "integrity_violations": 0,
  "by_language": {
    "dart": {
      "passed": 0,
      "failed": 3,
      "total": 3,
      "pass_rate": 0
    },
    "go": {
      "passed": 1,
      "failed": 5,
      "total": 6,
      "pass_rate": 16.666666666666664
    },
    "kotlin": {
      "passed": 1,
      "failed": 2,
      "total": 3,
      "pass_rate": 33.33333333333333
    },
    "rust": {
      "passed": 4,
      "failed": 2,
      "total": 6,
      "pass_rate": 66.66666666666666
    },
    "typescript": {
      "passed": 0,
      "failed": 5,
      "total": 5,
      "pass_rate": 0
    },
    "zig": {
      "passed": 1,
      "failed": 2,
      "total": 3,
      "pass_rate": 33.33333333333333
    }
  },
  "total_duration_seconds": 4742.6829939320005,
  "agent_duration_seconds": 4615.987702144999,
  "harness_version": "v1.6.1",
  "weight_version": "2.0",
  "tasks_hash": "blake3:168696ded119da3ea973f15bde9c00151c127b3f54168196a84212827fa1b1f0",
  "results_hash": "blake3:eb60db01c97aa9eb8ac9e3781e32dbfb7fba2e129718febc1a59045073f50851",
  "legacy": true
}