{
  "agent": "goose",
  "model": "MiniMax-M2.1",
  "timestamp": "2026-01-24T004059",
  "pass_rate": 11.538461538461538,
  "weighted_pass_rate": 11.450141553947782,
  "passed": 3,
  "failed": 23,
  "total": 26,
  "weighted_score": 3.6400000000000006,
  "max_possible_score": 31.790000000000006,
  "clean_passes": 3,
  "partial_passes": 0,
  "integrity_violations": 0,
  "by_language": {
    "dart": {
      "passed": 0,
      "failed": 3,
      "total": 3,
      "pass_rate": 0
    },
    "go": {
      "passed": 1,
      "failed": 5,
      "total": 6,
      "pass_rate": 16.666666666666664
    },
    "kotlin": {
      "passed": 0,
      "failed": 3,
      "total": 3,
      "pass_rate": 0
    },
    "rust": {
      "passed": 1,
      "failed": 5,
      "total": 6,
      "pass_rate": 16.666666666666664
    },
    "typescript": {
      "passed": 1,
      "failed": 4,
      "total": 5,
      "pass_rate": 20
    },
    "zig": {
      "passed": 0,
      "failed": 3,
      "total": 3,
      "pass_rate": 0
    }
  },
  "total_duration_seconds": 2508.041140047,
  "agent_duration_seconds": 2312.218524266,
  "harness_version": "v1.4.0-6-gf6423ea-dirty",
  "weight_version": "2.0",
  "tasks_hash": "blake3:168696ded119da3ea973f15bde9c00151c127b3f54168196a84212827fa1b1f0",
  "results_hash": "blake3:d8d50985aa47ea913fdae0a0425ee990e4d79652e9cfe752bd93647731e7a682"
}