{
  "agent": "gemini",
  "model": "gemini-3-pro-preview",
  "timestamp": "2026-01-19T192910",
  "pass_rate": 42.30769230769231,
  "weighted_pass_rate": 35.55121658155602,
  "passed": 11,
  "failed": 15,
  "total": 26,
  "weighted_score": 11.835000000000003,
  "max_possible_score": 33.290000000000006,
  "clean_passes": 7,
  "partial_passes": 4,
  "integrity_violations": 0,
  "by_language": {
    "dart": {
      "passed": 1,
      "failed": 2,
      "total": 3,
      "pass_rate": 33.33333333333333
    },
    "go": {
      "passed": 5,
      "failed": 1,
      "total": 6,
      "pass_rate": 83.33333333333334
    },
    "kotlin": {
      "passed": 2,
      "failed": 1,
      "total": 3,
      "pass_rate": 66.66666666666666
    },
    "rust": {
      "passed": 3,
      "failed": 3,
      "total": 6,
      "pass_rate": 50
    },
    "typescript": {
      "passed": 0,
      "failed": 5,
      "total": 5,
      "pass_rate": 0
    },
    "zig": {
      "passed": 0,
      "failed": 3,
      "total": 3,
      "pass_rate": 0
    }
  },
  "total_duration_seconds": 2830.4731529359997,
  "agent_duration_seconds": 2728.596652518,
  "harness_version": "v1.3.3",
  "weight_version": "2.0",
  "tasks_hash": "blake3:168696ded119da3ea973f15bde9c00151c127b3f54168196a84212827fa1b1f0",
  "results_hash": "blake3:06687262385ec8a002c6e41d34f284e33a4631b5ea6fee460db8b7663a85d4dd"
}
