{
  "agent": "droid",
  "model": "glm-4.7",
  "timestamp": "2026-01-18T180724",
  "pass_rate": 42.30769230769231,
  "weighted_pass_rate": 38.540102132772596,
  "passed": 11,
  "failed": 15,
  "total": 26,
  "weighted_score": 12.83,
  "max_possible_score": 33.290000000000006,
  "clean_passes": 11,
  "partial_passes": 0,
  "integrity_violations": 0,
  "by_language": {
    "dart": {
      "passed": 0,
      "failed": 3,
      "total": 3,
      "pass_rate": 0
    },
    "go": {
      "passed": 5,
      "failed": 1,
      "total": 6,
      "pass_rate": 83.33333333333334
    },
    "kotlin": {
      "passed": 1,
      "failed": 2,
      "total": 3,
      "pass_rate": 33.33333333333333
    },
    "rust": {
      "passed": 2,
      "failed": 4,
      "total": 6,
      "pass_rate": 33.33333333333333
    },
    "typescript": {
      "passed": 2,
      "failed": 3,
      "total": 5,
      "pass_rate": 40
    },
    "zig": {
      "passed": 1,
      "failed": 2,
      "total": 3,
      "pass_rate": 33.33333333333333
    }
  },
  "total_duration_seconds": 1354.3687584959998,
  "agent_duration_seconds": 1248.8259868380003,
  "harness_version": "v1.3.2",
  "weight_version": "2.0",
  "tasks_hash": "blake3:168696ded119da3ea973f15bde9c00151c127b3f54168196a84212827fa1b1f0",
  "results_hash": "blake3:1ec07b0f824edd53143449bebb408fc77f5331ead0fad3e4503abb49e9b10ca2"
}