{
  "agent": "cline",
  "agent_duration_seconds": 2558.636274506,
  "by_language": {
    "dart": {
      "failed": 2,
      "pass_rate": 33.33333333333333,
      "passed": 1,
      "total": 3
    },
    "go": {
      "failed": 1,
      "pass_rate": 83.33333333333334,
      "passed": 5,
      "total": 6
    },
    "kotlin": {
      "failed": 2,
      "pass_rate": 33.33333333333333,
      "passed": 1,
      "total": 3
    },
    "rust": {
      "failed": 1,
      "pass_rate": 83.33333333333334,
      "passed": 5,
      "total": 6
    },
    "typescript": {
      "failed": 2,
      "pass_rate": 60,
      "passed": 3,
      "total": 5
    },
    "zig": {
      "failed": 1,
      "pass_rate": 66.66666666666666,
      "passed": 2,
      "total": 3
    }
  },
  "clean_passes": 17,
  "failed": 9,
  "harness_version": "v1.5.19-1-g61b4ea9",
  "integrity_violations": 0,
  "max_possible_score": 33.29,
  "model": "MiniMax-M2.5",
  "partial_passes": 0,
  "pass_rate": 65.38461538461539,
  "passed": 17,
  "results_hash": "blake3:d2cbeb4331ee9763f8f55d74a67dc4906a7dc491e0dbd4ca69232d85c7b76ee8",
  "sandbox": true,
  "tasks_hash": "blake3:168696ded119da3ea973f15bde9c00151c127b3f54168196a84212827fa1b1f0",
  "timestamp": "2026-02-16T164659",
  "total": 26,
  "total_duration_seconds": 0,
  "weight_version": "2.0",
  "weighted_pass_rate": 62.93,
  "weighted_score": 20.95
}