{
  "agent": "codex",
  "model": "gpt-5.3-codex",
  "reasoning": "xhigh",
  "timestamp": "2026-02-06T075413",
  "pass_rate": 73.07692307692307,
  "weighted_pass_rate": 65.56022829678582,
  "passed": 19,
  "failed": 7,
  "total": 26,
  "weighted_score": 21.825000000000003,
  "max_possible_score": 33.290000000000006,
  "clean_passes": 15,
  "partial_passes": 4,
  "integrity_violations": 0,
  "by_language": {
    "dart": {
      "passed": 1,
      "failed": 2,
      "total": 3,
      "pass_rate": 33.33333333333333
    },
    "go": {
      "passed": 6,
      "failed": 0,
      "total": 6,
      "pass_rate": 100
    },
    "kotlin": {
      "passed": 2,
      "failed": 1,
      "total": 3,
      "pass_rate": 66.66666666666666
    },
    "rust": {
      "passed": 5,
      "failed": 1,
      "total": 6,
      "pass_rate": 83.33333333333334
    },
    "typescript": {
      "passed": 4,
      "failed": 1,
      "total": 5,
      "pass_rate": 80
    },
    "zig": {
      "passed": 1,
      "failed": 2,
      "total": 3,
      "pass_rate": 33.33333333333333
    }
  },
  "total_duration_seconds": 4305.644787314,
  "agent_duration_seconds": 3996.2307560279996,
  "harness_version": "dev",
  "weight_version": "2.0",
  "tasks_hash": "blake3:168696ded119da3ea973f15bde9c00151c127b3f54168196a84212827fa1b1f0",
  "results_hash": "blake3:c0eccaddad05abe44cfc3e1558f8738a726f9e6ea40a977af11ae1f48e84e12f"
}