{
  "agent": "codex",
  "model": "gpt-5.1-codex-max",
  "reasoning": "medium",
  "timestamp": "2026-02-24T132852",
  "pass_rate": 46.15384615384615,
  "weighted_pass_rate": 41.363772904776205,
  "passed": 12,
  "failed": 14,
  "total": 26,
  "weighted_score": 13.770000000000001,
  "max_possible_score": 33.290000000000006,
  "clean_passes": 12,
  "partial_passes": 0,
  "integrity_violations": 0,
  "by_language": {
    "dart": {
      "passed": 0,
      "failed": 3,
      "total": 3,
      "pass_rate": 0
    },
    "go": {
      "passed": 5,
      "failed": 1,
      "total": 6,
      "pass_rate": 83.33333333333334
    },
    "kotlin": {
      "passed": 1,
      "failed": 2,
      "total": 3,
      "pass_rate": 33.33333333333333
    },
    "rust": {
      "passed": 3,
      "failed": 3,
      "total": 6,
      "pass_rate": 50
    },
    "typescript": {
      "passed": 3,
      "failed": 2,
      "total": 5,
      "pass_rate": 60
    },
    "zig": {
      "passed": 0,
      "failed": 3,
      "total": 3,
      "pass_rate": 0
    }
  },
  "total_duration_seconds": 2566.692876651,
  "agent_duration_seconds": 2449.2055279240008,
  "harness_version": "v1.6.1",
  "weight_version": "2.0",
  "tasks_hash": "blake3:168696ded119da3ea973f15bde9c00151c127b3f54168196a84212827fa1b1f0",
  "results_hash": "blake3:81a1a86a5a3d913e2aca19d56c6b51462752361f02be37e53192c42a89022bf5",
  "legacy": true
}