{
  "agent": "opencode",
  "model": "cliproxy-copilot-gpt/gpt-5.2-codex",
  "reasoning": "high",
  "timestamp": "2026-02-11T093638",
  "pass_rate": 42.30769230769231,
  "weighted_pass_rate": 37.81916491438871,
  "passed": 11,
  "failed": 15,
  "total": 26,
  "weighted_score": 12.590000000000003,
  "max_possible_score": 33.290000000000006,
  "clean_passes": 11,
  "partial_passes": 0,
  "integrity_violations": 0,
  "by_language": {
    "dart": {
      "passed": 0,
      "failed": 3,
      "total": 3,
      "pass_rate": 0
    },
    "go": {
      "passed": 4,
      "failed": 2,
      "total": 6,
      "pass_rate": 66.66666666666666
    },
    "kotlin": {
      "passed": 1,
      "failed": 2,
      "total": 3,
      "pass_rate": 33.33333333333333
    },
    "rust": {
      "passed": 4,
      "failed": 2,
      "total": 6,
      "pass_rate": 66.66666666666666
    },
    "typescript": {
      "passed": 2,
      "failed": 3,
      "total": 5,
      "pass_rate": 40
    },
    "zig": {
      "passed": 0,
      "failed": 3,
      "total": 3,
      "pass_rate": 0
    }
  },
  "total_duration_seconds": 3734.8221997129995,
  "agent_duration_seconds": 3632.7277398970004,
  "harness_version": "v1.5.8-dirty",
  "weight_version": "2.0",
  "tasks_hash": "blake3:168696ded119da3ea973f15bde9c00151c127b3f54168196a84212827fa1b1f0",
  "results_hash": "blake3:fe7d4c4e4e22e63addaaa4a1d4845993bcb7d390bc87d9b57b5d3aab52dc075a",
  "disable_mcp": true
}