{
  "agent": "opencode",
  "model": "google/antigravity-gemini-3-flash",
  "reasoning": "high",
  "timestamp": "2026-01-25T155517",
  "pass_rate": 53.84615384615385,
  "weighted_pass_rate": 50.33042955842595,
  "passed": 14,
  "failed": 12,
  "total": 26,
  "weighted_score": 16.755000000000003,
  "max_possible_score": 33.290000000000006,
  "clean_passes": 13,
  "partial_passes": 1,
  "integrity_violations": 0,
  "by_language": {
    "dart": {
      "passed": 1,
      "failed": 2,
      "total": 3,
      "pass_rate": 33.33333333333333
    },
    "go": {
      "passed": 5,
      "failed": 1,
      "total": 6,
      "pass_rate": 83.33333333333334
    },
    "kotlin": {
      "passed": 1,
      "failed": 2,
      "total": 3,
      "pass_rate": 33.33333333333333
    },
    "rust": {
      "passed": 5,
      "failed": 1,
      "total": 6,
      "pass_rate": 83.33333333333334
    },
    "typescript": {
      "passed": 2,
      "failed": 3,
      "total": 5,
      "pass_rate": 40
    },
    "zig": {
      "passed": 0,
      "failed": 3,
      "total": 3,
      "pass_rate": 0
    }
  },
  "total_duration_seconds": 3069.0150379640004,
  "agent_duration_seconds": 2860.9307911110004,
  "harness_version": "v1.5.1-1-g3b5528f",
  "weight_version": "2.0",
  "tasks_hash": "blake3:168696ded119da3ea973f15bde9c00151c127b3f54168196a84212827fa1b1f0",
  "results_hash": "blake3:2252ce212adc9d31a99f11feded2c95400e034f987ef9d446c1bf786305f942c",
  "disable_mcp": true
}
