{
  "agent": "kimi",
  "timestamp": "2026-01-09T074815",
  "pass_rate": 46.15384615384615,
  "weighted_pass_rate": 41.04836287173325,
  "passed": 12,
  "failed": 14,
  "total": 26,
  "weighted_score": 13.665000000000001,
  "max_possible_score": 33.290000000000006,
  "clean_passes": 10,
  "partial_passes": 2,
  "integrity_violations": 0,
  "by_language": {
    "dart": {
      "passed": 0,
      "failed": 3,
      "total": 3,
      "pass_rate": 0
    },
    "go": {
      "passed": 4,
      "failed": 2,
      "total": 6,
      "pass_rate": 66.66666666666666
    },
    "kotlin": {
      "passed": 1,
      "failed": 2,
      "total": 3,
      "pass_rate": 33.33333333333333
    },
    "rust": {
      "passed": 3,
      "failed": 3,
      "total": 6,
      "pass_rate": 50
    },
    "typescript": {
      "passed": 3,
      "failed": 2,
      "total": 5,
      "pass_rate": 60
    },
    "zig": {
      "passed": 1,
      "failed": 2,
      "total": 3,
      "pass_rate": 33.33333333333333
    }
  },
  "total_duration_seconds": 2816.79183803,
  "agent_duration_seconds": 2620.51279093,
  "harness_version": "v1.0.1",
  "weight_version": "2.0",
  "tasks_hash": "blake3:168696ded119da3ea973f15bde9c00151c127b3f54168196a84212827fa1b1f0",
  "results_hash": "blake3:a4f50b186a8c620b17b29b5f1d757fde253eb1cce7aa8b8a1e37647342161d3d"
}
