{
  "agent": "gemini",
  "model": "gemini-3-flash-preview",
  "timestamp": "2026-01-14T024019",
  "pass_rate": 61.53846153846154,
  "weighted_pass_rate": 53.86001802343044,
  "passed": 16,
  "failed": 10,
  "total": 26,
  "weighted_score": 17.93,
  "max_possible_score": 33.290000000000006,
  "clean_passes": 13,
  "partial_passes": 3,
  "integrity_violations": 0,
  "by_language": {
    "dart": {
      "passed": 0,
      "failed": 3,
      "total": 3,
      "pass_rate": 0
    },
    "go": {
      "passed": 6,
      "failed": 0,
      "total": 6,
      "pass_rate": 100
    },
    "kotlin": {
      "passed": 2,
      "failed": 1,
      "total": 3,
      "pass_rate": 66.66666666666666
    },
    "rust": {
      "passed": 4,
      "failed": 2,
      "total": 6,
      "pass_rate": 66.66666666666666
    },
    "typescript": {
      "passed": 3,
      "failed": 2,
      "total": 5,
      "pass_rate": 60
    },
    "zig": {
      "passed": 1,
      "failed": 2,
      "total": 3,
      "pass_rate": 33.33333333333333
    }
  },
  "total_duration_seconds": 3085.9755077010004,
  "agent_duration_seconds": 2974.890666405,
  "harness_version": "v1.1.1-1-g5c97385-dirty",
  "weight_version": "2.0",
  "tasks_hash": "blake3:168696ded119da3ea973f15bde9c00151c127b3f54168196a84212827fa1b1f0",
  "results_hash": "blake3:01a0cca4b27d3837397c8f2920538307d8148e44ae048b275f7ecd9db2ba5013"
}